Name,Budget,Gross_Us,Opening_Week,Open_Week_Date,Gross_World,Runtime,Color,Sound_Mix,Aspect_Ratio
The Shawshank Redemption,25000000,28767189,727327,1994-09-25 00:00:00,29322669,0,None,None,None
The Godfather,6000000,136381073,302393,1972-03-19 00:00:00,250342030,175,Color,Mono(RCA Sound Recording, original release)Dolby Digital,1.85 : 1
The Dark Knight,185000000,534987076,158411483,2008-07-20 00:00:00,1008497140,152,Color,Dolby DigitalSDDSDTS,2.39 : 1
The Godfather Part II,13000000,47834595,171417,2019-11-10 00:00:00,47962897,202,Color,Dolby Digital,1.85 : 1
12 Angry Men,0,0,0,1900-01-01 00:00:00,0,96,Black and White,Mono,1.85 : 1
Schindler's List,22000000,96898818,656636,1993-12-19 00:00:00,322161245,195,Black and WhiteColor,DTSDTS-Stereo,1.85 : 1
The Lord of the Rings: The Return of the King,94000000,379427292,72629713,2003-12-21 00:00:00,1149002839,201,Color,DTS-ESDolby Digital EXSDDSDolby Atmos,2.39 : 1
Pulp Fiction,8000000,107928762,9311882,1994-10-16 00:00:00,213928762,154,Color,Dolby DigitalDTS,2.39 : 1
The Lord of the Rings: The Fellowship of the Ring,93000000,318572165,47211490,2001-12-23 00:00:00,886498443,178,Color,DTSSDDS,2.39 : 1
The Good, the Bad and the Ugly,0,0,0,1900-01-01 00:00:00,0,148,Color,Mono,2.35 : 1
Forrest Gump,55000000,330455270,24450602,1994-07-10 00:00:00,678226465,142,ColorBlack and White,Dolby SRSDDSDolby Atmos,2.39 : 1
The Lord of the Rings: The Two Towers,94000000,344859641,62007528,2002-12-22 00:00:00,950852619,179,Color,DTS-ESDolby Digital EXSDDSDolby Atmos,2.39 : 1
Fight Club,63000000,37030102,11035485,1999-10-17 00:00:00,101320107,139,Color,Dolby Digital,2.39 : 1
Inception,160000000,292587330,62785337,2010-07-18 00:00:00,839030630,148,Color,Dolby DigitalDTSSDDS,2.39 : 1
Star Wars: Episode V - The Empire Strikes Back,18000000,292753960,4910483,1980-05-25 00:00:00,538375067,0,None,None,None
The Matrix,63000000,172076928,27788331,1999-04-04 00:00:00,467625567,136,Color,Dolby DigitalSDDSDolby Atmos,2.39 : 1
GoodFellas,25000000,46909721,6368901,1990-09-23 00:00:00,47049784,145,Color,Dolby SR,1.85 : 1
One Flew Over the Cuckoo's Nest,0,0,0,1900-01-01 00:00:00,0,133,Color,Mono,1.85 : 1
Seven,33000000,100125643,13949807,1995-09-24 00:00:00,327333559,127,Color,DTSDolby DigitalDTS 70 mm,2.39 : 1
Interstellar,165000000,188020017,47510360,2014-11-09 00:00:00,747516808,169,Color,DatasatDolby DigitalIMAX 6-TrackDolby Surround 7.1,2.39 : 1
It's a Wonderful Life,3180000,1483643,44000,2020-12-20 00:00:00,9767242,0,None,None,None
Seven Samurai,125000000,318649,15942,2002-07-28 00:00:00,346258,207,Black and White,Mono,1.37 : 1
The Silence of the Lambs,19000000,130742922,13766814,1991-02-18 00:00:00,272742922,118,Color,Dolby SRDolby Stereo,1.85 : 1
Saving Private Ryan,70000000,217049603,30576104,1998-07-26 00:00:00,482351251,169,Color,DTSDolby DigitalSDDSDolby AtmosDolby Digital EXDolby Stereo,1.85 : 1
City of God,3300000,7564459,88292,2003-01-19 00:00:00,30680793,130,Color,Dolby DigitalSDDS,1.85 : 1
Life Is Beautiful,20000000,57563264,118920,1998-10-25 00:00:00,230099013,116,Color,Dolby Digital,1.85 : 1
The Green Mile,60000000,136801374,18017152,1999-12-12 00:00:00,286801374,189,Color,DTSDolby DigitalSDDS,1.85 : 1
Terminator 2: Judgment Day,102000000,205881154,31765506,1991-07-07 00:00:00,520881154,0,None,None,None
Star Wars: Episode IV - A New Hope,11000000,460998507,1554475,1977-05-30 00:00:00,775398507,0,None,None,None
Dune: Part Two,190000000,282144358,82505391,2024-03-03 00:00:00,711844358,0,None,None,None
Back to the Future,19000000,214077472,11152500,1985-07-07 00:00:00,384577472,0,None,None,None
Spirited Away,19000000,15205725,449839,2002-09-22 00:00:00,357561772,125,Color,DTS-ESDolby Digital EX,1.85 : 1
The Pianist,35000000,32590750,111261,2002-12-29 00:00:00,120098945,150,Color,DTSDolby Digital,1.85 : 1
Parasite,11400000,53369749,393216,2019-10-13 00:00:00,262099264,132,Color,Dolby Atmos,2.39 : 1
Psycho,0,0,0,1900-01-01 00:00:00,0,109,Black and White,Dolby Digital,1.37 : 1(original & negative ratio, open matte)
Gladiator,103000000,187705427,34819017,2000-05-07 00:00:00,465387186,155,Color,SDDSDolby DigitalDolby Atmos,2.39 : 1
Spider-Man: Across the Spider-Verse,150000000,381593754,120663589,2023-06-04 00:00:00,690897910,0,None,None,None
The Lion King,45000000,422783777,1586753,1994-06-19 00:00:00,968750709,0,None,None,None
The Departed,90000000,132399394,26887467,2006-10-08 00:00:00,291481358,151,Color,Dolby DigitalSDDSDTS,2.39 : 1
Leon,115000000,19501238,5306558,1994-11-20 00:00:00,20275438,110,Color,Dolby DigitalDolby Atmos,2.39 : 1
American History X,20000000,6719864,156076,1998-11-01 00:00:00,23875714,119,Color,Dolby Digital,1.85 : 1
Whiplash,3300000,13092000,135388,2014-10-12 00:00:00,49449489,106,Color,Dolby DigitalSDDSDatasatDolby Atmos,2.39 : 1
The Prestige,40000000,53089891,14801808,2006-10-22 00:00:00,109676311,130,Color,SDDSDolby DigitalDTS,2.39 : 1
Grave of the Fireflies,3700000,516962,158101,2018-08-12 00:00:00,519421,89,Color,Dolby StereoStereo,1.85 : 1
Harakiri,0,0,0,1900-01-01 00:00:00,0,133,Black and White,Mono,2.35 : 1
The Usual Suspects,6000000,23341568,645363,1995-08-20 00:00:00,23341568,0,None,None,None
Casablanca,950000,4219709,181494,1992-04-12 00:00:00,4661588,0,None,None,None
Untouchable,9500000,10198820,103507,2012-05-27 00:00:00,426590315,112,Color,Dolby Digital,1.85 : 1
Cinema Paradiso,5000000,12397210,16552,1990-02-04 00:00:00,13020497,174,Color,Mono,1.66 : 1
Modern Times,1500000,163577,35809,2003-12-28 00:00:00,463618,87,Black and White,Silent,1.37 : 1
Rear Window,0,0,0,1900-01-01 00:00:00,0,0,None,None,None
Once Upon a Time in the West,0,0,0,1900-01-01 00:00:00,0,0,None,None,None
Alien,11000000,84206106,3527881,1979-05-28 00:00:00,108591169,0,None,None,None
City Lights,1500000,19181,9102,2007-07-08 00:00:00,50419,0,None,None,None
Django Unchained,100000000,162805434,30122888,2012-12-30 00:00:00,426076293,165,Color,SDDSDatasatDolby Digital,2.39 : 1
Apocalypse Now,31500000,96042913,118558,1979-08-19 00:00:00,104920499,0,None,None,None
Memento,9000000,25544867,235488,2001-03-18 00:00:00,40047236,113,ColorBlack and White,Dolby Digital,2.39 : 1
WALL·E,180000000,223808164,63087526,2008-06-29 00:00:00,521320168,98,Color,DTSSDDSDolby DigitalDolby Atmos,2.39 : 1
12th Fail,0,0,0,1900-01-01 00:00:00,0,147,Color,Dolby AtmosDolby Digital,2.39 : 1
Raiders of the Lost Ark,18000000,248159971,8305823,1981-06-14 00:00:00,389925971,115,Color,Dolby Atmos,2.39 : 1
The Lives of Others,2000000,11286112,223000,2007-02-11 00:00:00,77357476,137,Color,Dolby Digital,2.39 : 1
Sunset Blvd.,1752000,299645,169067,2018-05-13 00:00:00,304474,0,None,None,None
Avengers: Infinity War,321000000,678815482,257698183,2018-04-29 00:00:00,2052415039,0,None,None,None
Paths of Glory,0,0,0,1900-01-01 00:00:00,0,0,None,None,None
Spider-Man: Into the Spider-Verse,90000000,190241310,35363376,2018-12-16 00:00:00,384298736,117,Color,Dolby AtmosDolby Surround 7.112-Track Digital SoundDolby DigitalSDDS,2.39 : 1
Witness for the Prosecution,0,0,0,1900-01-01 00:00:00,0,0,None,None,None
The Shining,19000000,45634352,622337,1980-05-26 00:00:00,47516353,0,None,None,None
The Great Dictator,0,0,0,1900-01-01 00:00:00,0,0,None,None,None
Aliens,18500000,85160248,10052042,1986-07-20 00:00:00,131060248,137,Color,Dolby StereoMono,1.85 : 1
Inglourious Basterds,70000000,120540719,38054676,2009-08-23 00:00:00,321458605,153,Color,SDDSDolby DigitalDTS,2.39 : 1
The Dark Knight Rises,250000000,448149584,160887295,2012-07-22 00:00:00,1085289416,164,Color,SDDSDatasatDolby DigitalIMAX 6-Track,1.78 : 1(IMAX version, original ratio)2.39 : 12.39 : 1(IMAX version, original ratio)
Dr. Strangelove or: How I Learned to Stop Worrying and Love the Bomb,1800000,9440272,11751,1994-07-17 00:00:00,9631984,0,None,None,None
Coco,175000000,210460015,50802605,2017-11-26 00:00:00,814337054,105,Color,Dolby AtmosAuro 11.1Dolby Surround 7.112-Track Digital SoundDolby DigitalSDDS,2.35 : 1
Oldboy,3000000,2458200,68957,2005-03-27 00:00:00,17542965,0,Color,Dolby DigitalDolby Surround 7.1,2.35 : 1
American Beauty,15000000,130096601,861531,1999-09-19 00:00:00,356296601,122,ColorBlack and White,DTSDolby DigitalSDDSDolby,2.39 : 1
Amadeus,18000000,51973029,505276,1984-09-23 00:00:00,52071304,0,None,None,None
Toy Story,30000000,223225679,29140617,1995-11-26 00:00:00,394436586,0,None,None,None
Avengers: Endgame,356000000,858373000,357115007,2019-04-28 00:00:00,2799439100,0,None,None,None
Das Boot,32000000,11487676,26994,1982-02-14 00:00:00,11488778,0,None,None,None
Braveheart,72000000,75609945,9938276,1995-05-28 00:00:00,213216216,178,Color,DTSDolby DigitalDolby Atmos,2.39 : 1
Good Will Hunting,10000000,138433435,272912,1997-12-07 00:00:00,225933435,126,Color,Dolby Digital,1.85 : 1
Princess Mononoke,2400000000,4845631,144446,1999-10-31 00:00:00,170212483,0,None,None,None
Joker,55000000,335477657,96202337,2019-10-06 00:00:00,1078958629,122,Color,SDDSDolby AtmosDatasatDolby Digital,1.85 : 1
Your Name.,370000000,5017246,1813781,2017-04-09 00:00:00,382238191,106,Color,Dolby Digital,1.78 : 1(original ratio)
High and Low,0,0,0,1900-01-01 00:00:00,0,0,None,None,None
Once Upon a Time in America,30000000,5321508,2412014,1984-06-03 00:00:00,5475086,229,Color,MonoDolby Digital,1.85 : 1
3 Idiots,550000000,6532874,1645502,2009-12-27 00:00:00,60262836,170,Color,Dolby DigitalDTS,2.35 : 1
Singin' in the Rain,2540800,1884537,13643,2002-11-10 00:00:00,2010042,103,ColorBlack and White,Dolby Digital,1.37 : 1
Capernaum,4000000,1661096,24988,2018-12-16 00:00:00,64417003,126,Color,Dolby Digital,2.35 : 1
Come and See,0,0,0,1900-01-01 00:00:00,0,142,Color,Mono,1.37 : 1
Requiem for a Dream,4500000,3635482,64770,2000-10-08 00:00:00,7390108,102,Color,Dolby Surround 7.1Dolby DigitalDolby Atmos,1.85 : 1
Toy Story 3,200000000,415004880,110307189,2010-06-20 00:00:00,1067316101,103,Color,SDDSDolby DigitalDolby Surround 7.1Dolby Atmos,1.78 : 1(original & intended ratio, Blu-ray)
Star Wars: Episode VI - Return of the Jedi,32500000,316566101,23019618,1983-05-29 00:00:00,475106177,131,Color,Dolby Stereo,2.39 : 1
Eternal Sunshine of the Spotless Mind,20000000,34400301,8175198,2004-03-21 00:00:00,73392396,108,Color,DTSDolbySDDS,1.85 : 1
The Hunt,20000000,613308,43045,2013-07-14 00:00:00,15886373,115,Color,Dolby Digital,2.35 : 1
2001: A Space Odyssey,12000000,60481243,202759,2018-05-20 00:00:00,66657408,149,Color,Dolby Digital,2.20 : 1
Reservoir Dogs,1200000,2832029,147839,1992-10-25 00:00:00,2930208,99,Color,Dolby StereoDolby Digital,2.35 : 1
Ikiru,0,0,0,1900-01-01 00:00:00,0,143,Black and White,Mono,1.37 : 1
Oppenheimer,100000000,329862540,82455420,2023-07-23 00:00:00,974954311,0,None,None,None
Lawrence of Arabia,15000000,45306425,20846,2002-09-22 00:00:00,45752380,0,None,None,None
The Apartment,0,0,0,1900-01-01 00:00:00,0,0,None,None,None
Incendies,6800000,2071334,50679,2011-04-24 00:00:00,6797861,131,Color,Dolby Digital,1.85 : 1
North by Northwest,0,0,0,1900-01-01 00:00:00,0,0,None,None,None
Citizen Kane,0,0,0,1900-01-01 00:00:00,0,0,None,None,None
M,0,0,0,1900-01-01 00:00:00,0,117,Black and White,Mono,1.19 : 11.20 : 1
Scarface,50000000,45967303,4597536,1983-12-11 00:00:00,66443303,170,Color,4-Track Stereo(original release),2.39 : 1
Double Indemnity,0,0,0,1900-01-01 00:00:00,0,0,None,None,None
Vertigo,2479000,7705225,252880,2018-03-18 00:00:00,7808250,0,None,None,None
Full Metal Jacket,30000000,46357676,2217307,1987-06-28 00:00:00,46361894,0,None,None,None
Amélie,10000000,33712444,136470,2001-11-04 00:00:00,174923461,122,ColorBlack and White,DTSDolby Digital,2.39 : 1
Heat,60000000,67436818,8445656,1995-12-17 00:00:00,187436818,170,Color,Dolby DigitalSDDSDolby Surround 5.1,2.39 : 1
Up,175000000,293004164,68108790,2009-05-31 00:00:00,735102136,96,Color,SDDSDolby DigitalDolby AtmosDolby Surround 7.1,1.85 : 1
A Clockwork Orange,0,0,0,1900-01-01 00:00:00,0,136,ColorBlack and White,Mono,1.66 : 1
To Kill a Mockingbird,2000000,592237,357549,2019-03-24 00:00:00,599146,129,Black and White,Dolby Digital,1.85 : 1
A Separation,500000,7099055,59481,2012-01-01 00:00:00,22926076,123,Color,Dolby Digital,1.85 : 1
The Sting,0,0,0,1900-01-01 00:00:00,0,0,None,None,None
Indiana Jones and the Last Crusade,48000000,197171806,29355021,1989-05-28 00:00:00,474171806,127,Color,Dolby Atmos,2.39 : 1
Die Hard,28000000,85892546,601851,1988-07-17 00:00:00,143651650,0,None,None,None
Like Stars on Earth,0,0,0,1900-01-01 00:00:00,0,162,Color,DTSDolby Digital,2.35 : 1
Metropolis,6000000,1236166,19386,2002-07-14 00:00:00,1350322,0,None,None,None
Snatch,6000000,30328156,27932,2000-12-10 00:00:00,83557872,104,Color,Dolby DigitalSDDSDolby Atmos,1.85 : 1
L.A. Confidential,35000000,64616940,5211198,1997-09-21 00:00:00,126216940,138,Color,Dolby Digital,2.39 : 1
1917,95000000,159227644,576216,2019-12-29 00:00:00,384580017,119,Color,Dolby AtmosDolby DigitalDolby Surround 7.1,2.39 : 1
Hamilton,0,0,0,1900-01-01 00:00:00,0,160,Color,Dolby AtmosDolby Surround 7.1Dolby Digital,1.85 : 1
Bicycle Thieves,133000,371111,25377,1998-10-04 00:00:00,450159,89,Black and White,Mono,1.37 : 1
Taxi Driver,1300000,28262574,116458,1996-02-19 00:00:00,28579636,0,None,None,None
Downfall,13500000,5509040,18195,2005-02-20 00:00:00,92181574,156,Color,Dolby DigitalDTS,1.85 : 1
Dangal,700000000,12391761,3248481,2016-12-25 00:00:00,303723636,161,Color,Dolby Atmos,2.35 : 1
For a Few Dollars More,0,0,0,1900-01-01 00:00:00,0,132,Color,Mono,2.35 : 1
Batman Begins,150000000,206863479,48745440,2005-06-19 00:00:00,375325692,140,Color,DTSDolby DigitalSDDS,2.39 : 1
The Wolf of Wall Street,100000000,116900694,18361578,2013-12-29 00:00:00,407039432,0,Color,DatasatDolby DigitalDolby Surround 7.1,2.39 : 1
Some Like It Hot,0,0,0,1900-01-01 00:00:00,0,0,None,None,None
Green Book,23000000,85080171,320429,2018-11-18 00:00:00,321752656,130,Color,Dolby Surround 7.1SDDS,2.00 : 1
The Kid,0,0,0,1900-01-01 00:00:00,0,0,None,None,None
The Father,0,0,0,1900-01-01 00:00:00,0,97,Color,Dolby Digital,2.39 : 1
Judgment at Nuremberg,0,0,0,1900-01-01 00:00:00,0,0,None,None,None
The Truman Show,60000000,125618201,31542121,1998-06-07 00:00:00,264118712,103,Color,DTSDolby DigitalDolby Atmos,1.66 : 1
All About Eve,1400000,63463,10177,2000-10-08 00:00:00,152599,0,None,None,None
Shutter Island,80000000,128012934,41062440,2010-02-21 00:00:00,294933742,138,Color,SDDSDolby DigitalDTS,2.39 : 1
Top Gun: Maverick,170000000,718732821,126707459,2022-05-29 00:00:00,1495696292,130,Color,Dolby AtmosAuro 11.1IMAX 6-Track12-Track Digital SoundSonics-DDP,2.39 : 1
There Will Be Blood,25000000,40222514,190739,2007-12-30 00:00:00,76186224,158,Color,SDDSDolby DigitalDTS,2.39 : 1
Casino,52000000,42512375,9946480,1995-11-26 00:00:00,116112375,178,Color,DTS-StereoDTS,2.39 : 1
Jurassic Park,63000000,407185075,47026828,1993-06-13 00:00:00,1103086582,127,Color,DTS,1.85 : 1
Ran,11500000,4135750,3567,2000-07-02 00:00:00,4166319,0,None,None,None
The Sixth Sense,40000000,293506292,26681262,1999-08-08 00:00:00,672806432,107,Color,DTSDolby DigitalSDDS,1.85 : 1
Pan's Labyrinth,19000000,37646380,568641,2006-12-31 00:00:00,83863565,118,Color,DTSDolby DigitalSDDSDolby Surround 7.1,1.85 : 1
Unforgiven,14400000,101167799,15018007,1992-08-09 00:00:00,159167799,0,None,None,None
No Country for Old Men,25000000,74283625,1202000,2007-11-11 00:00:00,171632777,122,Color,SDDSDolby DigitalDTS,2.39 : 1
A Beautiful Mind,58000000,170742341,367151,2001-12-23 00:00:00,316791257,135,Color,DTSDolby DigitalSDDS,1.85 : 1
The Thing,15000000,19857465,3107897,1982-06-27 00:00:00,19872469,0,None,None,None
Kill Bill: Vol. 1,30000000,70099045,22200000,2003-10-12 00:00:00,180908413,111,ColorBlack and White,DTSDolby DigitalSDDS,2.39 : 1
The Treasure of the Sierra Madre,3000000,5014000,144074,2018-01-14 00:00:00,5014000,0,None,None,None
Yojimbo,0,0,0,1900-01-01 00:00:00,0,0,None,None,None
Monty Python and the Holy Grail,229575,2562392,45487,2001-06-17 00:00:00,2817496,0,None,None,None
The Great Escape,0,0,0,1900-01-01 00:00:00,0,0,None,None,None
Finding Nemo,94000000,380843261,70251710,2003-06-01 00:00:00,941637960,0,None,None,None
Prisoners,46000000,61002302,20817053,2013-09-22 00:00:00,122127446,0,None,None,None
Howl's Moving Castle,24000000,6789268,427987,2005-06-12 00:00:00,237731798,119,Color,Dolby Digital EXDTS-ESSDDS,1.85 : 1
Rashomon,250000,46808,15942,2002-07-28 00:00:00,117668,0,None,None,None
The Elephant Man,0,0,0,1900-01-01 00:00:00,0,124,Black and White,Dolby Stereo,2.35 : 1
Dial M for Murder,1400000,24845,12562,1999-04-11 00:00:00,43308,0,None,None,None
Chinatown,0,0,0,1900-01-01 00:00:00,0,0,None,None,None
Gone with the Wind,3977000,200882193,1192593,1998-06-28 00:00:00,402382193,0,None,None,None
Lock, Stock and Two Smoking Barrels,960000,3753929,143321,1999-03-07 00:00:00,3753929,107,Color,Dolby Digital,1.85 : 1
The Secret in Their Eyes,2000000,6391436,167866,2010-04-18 00:00:00,35079650,129,Color,Dolby Digital,2.35 : 1
V for Vendetta,54000000,70511035,25642340,2006-03-19 00:00:00,134686457,132,Color,DTSDolby DigitalSDDSDolby Atmos,2.35 : 1
Inside Out,175000000,356921711,90440272,2015-06-21 00:00:00,858852998,95,Color,Dolby DigitalDatasatDolby AtmosSDDSDolby Surround 7.1Auro 11.112-Track Digital SoundD-Cinema 48kHz Dolby Surround 7.1D-Cinema 96kHz 7.1D-Cinema 96kHz 5.1,1.78 : 1
Raging Bull,18000000,23383987,128590,1980-11-16 00:00:00,23405198,129,Black and WhiteColor,Dolby Stereo,1.85 : 1
Three Billboards Outside Ebbing, Missouri,15000000,54513740,322168,2017-11-12 00:00:00,162729321,115,Color,Dolby Digital,2.35 : 1
Trainspotting,1500000,16491080,262673,1996-07-21 00:00:00,16950946,93,Color,Dolby SR,1.85 : 1
The Bridge on the River Kwai,0,0,0,1900-01-01 00:00:00,0,161,Color,Dolby Atmos,2.55 : 1
Klaus,0,0,0,1900-01-01 00:00:00,0,96,Color,Dolby Atmos,1.85 : 1
Fargo,7000000,24611975,730265,1996-03-10 00:00:00,60611975,98,Color,Dolby SR,1.85 : 1
Catch Me If You Can,52000000,164615351,30053627,2002-12-29 00:00:00,352114312,141,Color,DTSDolby DigitalSDDS,1.85 : 1
Spider-Man: No Way Home,200000000,814866759,260138569,2021-12-19 00:00:00,1922598800,0,None,None,None
Warrior,25000000,13657115,5242107,2011-09-11 00:00:00,23308615,140,Color,Dolby DigitalDatasatSDDSDolby Surround 7.1Dolby Atmos,2.35 : 1
Gran Torino,33000000,148095302,271720,2008-12-14 00:00:00,269958228,116,Color,DTSDolby DigitalSDDS,2.39 : 1
Million Dollar Baby,30000000,100492203,179953,2004-12-19 00:00:00,216763646,132,Color,DTSDolby DigitalSDDS,2.39 : 1
Harry Potter and the Deathly Hallows: Part 2,125000000,381447587,169189427,2011-07-17 00:00:00,1342480797,130,Color,Dolby DigitalDatasatDolby Surround 7.1SDDSSonics-DDP,2.39 : 1
My Neighbour Totoro,3700000,2250213,539245,2018-09-30 00:00:00,30695952,0,None,None,None
Children of Heaven,180000,933933,20100,1999-01-24 00:00:00,933933,89,Color,Mono,1.85 : 1
12 Years a Slave,20000000,56671993,923715,2013-10-20 00:00:00,187734091,134,Color,Dolby DigitalSDDSDolby Surround 7.1,2.35 : 1
Ben-Hur,15000000,74432704,241792,2019-04-14 00:00:00,74437981,0,None,None,None
Blade Runner,28000000,32914489,6150002,1982-06-27 00:00:00,41757237,117,Color,Dolby Atmos,2.39 : 1
Before Sunrise,2500000,5535405,1423537,1995-01-29 00:00:00,5993086,0,None,None,None
The Grand Budapest Hotel,25000000,59301324,811166,2014-03-09 00:00:00,174567384,0,None,None,None
Barry Lyndon,0,0,0,1900-01-01 00:00:00,0,0,None,None,None
Mad Max: Fury Road,150000000,154280290,45428128,2015-05-17 00:00:00,380418444,0,Color,Dolby DigitalDatasatSDDSDolby Atmos,2.39 : 1
Gone Girl,61000000,167767189,37513109,2014-10-05 00:00:00,370890259,149,Color,Dolby DigitalDolby AtmosDatasatDolby Surround 7.1,2.39 : 1
Hacksaw Ridge,40000000,67209615,15190758,2016-11-06 00:00:00,180563636,139,Color,Dolby Atmos,2.35 : 1
The Gold Rush,0,0,0,1900-01-01 00:00:00,0,95,Black and White,Silent(original release),1.33 : 1
Dead Poets Society,16400000,95860116,340456,1989-06-04 00:00:00,235860116,0,None,None,None
Memories of Murder,2800000,15357,4487,2005-07-17 00:00:00,1208481,131,Color,Dolby Digital,1.85 : 1
In the Name of the Father,13000000,25096862,109805,1994-01-02 00:00:00,65796862,133,Color,Dolby StereoDTS,1.85 : 1
Wild Tales,3300000,3106530,85100,2015-02-22 00:00:00,31478893,122,Color,Dolby Surround 7.1,2.35 : 1
The Deer Hunter,0,0,0,1900-01-01 00:00:00,0,0,None,None,None
Monsters, Inc.,115000000,290642256,62577067,2001-11-04 00:00:00,579723768,92,Color,SDDSDolby Digital,1.85 : 1
The General,0,0,0,1900-01-01 00:00:00,0,0,None,None,None
On the Waterfront,0,0,0,1900-01-01 00:00:00,0,0,None,None,None
Sherlock Jr.,0,0,0,1900-01-01 00:00:00,0,0,Black and White,Silent,1.33 : 1
How to Train Your Dragon,165000000,217581231,43732319,2010-03-28 00:00:00,494879860,98,Color,Dolby DigitalDTSSDDS,2.39 : 1
Jaws,7000000,266567580,7061513,1975-06-22 00:00:00,477220580,0,None,None,None
The Third Man,0,0,0,1900-01-01 00:00:00,0,0,None,None,None
The Wages of Fear,0,0,0,1900-01-01 00:00:00,0,0,None,None,None
Mary and Max,0,0,0,1900-01-01 00:00:00,0,92,ColorBlack and White,Dolby Digital,1.85 : 1
Wild Strawberries,0,0,0,1900-01-01 00:00:00,0,91,Black and White,Mono,1.37 : 1
Ratatouille,150000000,206445654,47027395,2007-07-01 00:00:00,623728318,111,Color,SDDSDolby DigitalDolby Atmos,2.39 : 1
Mr. Smith Goes to Washington,1900000,144738,83205,2018-10-14 00:00:00,145941,0,None,None,None
Le Mans '66,97600000,117624357,31474958,2019-11-17 00:00:00,225508210,152,Color,Dolby AtmosDolby Digital,2.39 : 1
Tokyo Story,0,0,0,1900-01-01 00:00:00,0,136,Black and White,Mono,1.37 : 1
The Big Lebowski,15000000,19301403,5533844,1998-03-08 00:00:00,48066229,0,None,None,None
Room,13000000,14677654,118298,2015-10-18 00:00:00,35402766,118,Color,Dolby DigitalDatasatDolby Atmos,2.35 : 12.39 : 1
Rocky,0,0,0,1900-01-01 00:00:00,0,0,Color,MonoDolby Digital,1.85 : 1
The Seventh Seal,0,0,0,1900-01-01 00:00:00,0,0,None,None,None
Logan,97000000,226277068,88411916,2017-03-05 00:00:00,619180476,137,Color,Dolby AtmosDolby DigitalDolby Surround 7.1SDDS,2.39 : 1
Spotlight,20000000,45055776,295009,2015-11-08 00:00:00,98690254,129,Color,Dolby Digital,1.85 : 1
Hotel Rwanda,17500000,23530892,100091,2004-12-26 00:00:00,33882243,121,Color,DTSDolby Digital,2.35 : 1
The Terminator,6400000,38371200,4020663,1984-10-28 00:00:00,78371200,107,Color,Mono(original release),1.85 : 1
Platoon,6000000,138530565,241080,1986-12-21 00:00:00,138545632,0,Color,Dolby StereoDolby Digital,1.85 : 1
La haine,0,0,0,1900-01-01 00:00:00,0,98,Black and White,Dolby Digital,1.85 : 1
The Passion of Joan of Arc,0,0,0,1900-01-01 00:00:00,0,110,Black and White,Silent,1.33 : 1
Before Sunset,2700000,5820649,219425,2004-07-04 00:00:00,15855022,80,Color,DTSDolby DigitalSDDS,1.85 : 1
The Best Years of Our Lives,0,0,0,1900-01-01 00:00:00,0,0,None,None,None
Pirates of the Caribbean: The Curse of the Black Pearl,140000000,305413918,46630690,2003-07-13 00:00:00,654264546,143,Color,Dolby Digital EXSDDSDTS,2.39 : 1
The Exorcist,11000000,233005644,8175666,2000-09-24 00:00:00,441306145,122,Color,Mono(original release),1.85 : 1
Jai Bhim,0,0,0,1900-01-01 00:00:00,0,0,None,None,None
Rush,38000000,26947624,187289,2013-09-22 00:00:00,96992516,123,Color,Dolby DigitalDatasatSDDS,2.35 : 1
Network,0,0,0,1900-01-01 00:00:00,0,0,None,None,None
The Wizard of Oz,2777000,24668669,5354311,1998-11-08 00:00:00,25637669,0,None,None,None
Stand by Me,8000000,52287414,242795,1986-08-10 00:00:00,52290509,89,Color,Dolby AtmosDolby DigitalMono,1.85 : 1
The Incredibles,92000000,261441092,70467623,2004-11-07 00:00:00,631688498,115,Black and WhiteColor,Dolby Digital EX,2.39 : 12.35 : 1
Hachi: A Dog's Tale,0,0,0,1900-01-01 00:00:00,0,93,Color,DTSDolby DigitalSDDS,1.85 : 1
My Father and My Son,0,0,0,1900-01-01 00:00:00,0,112,Color,Dolby Digital,1.85 : 1
The Handmaiden,10000000000,2006788,92129,2016-10-23 00:00:00,37863670,145,Color,Dolby DigitalDolby AtmosDolby Surround 7.1,2.35 : 1
The Sound of Music,8200000,159287539,413497,2018-09-09 00:00:00,159475084,0,None,None,None
Into the Wild,15000000,18354356,212440,2007-09-23 00:00:00,56676733,148,Color,DTSDolby DigitalSDDS,2.39 : 1
To Be or Not to Be,0,0,0,1900-01-01 00:00:00,0,0,None,None,None
The Battle of Algiers,800000,879794,64870,2004-01-11 00:00:00,962002,121,Black and White,Mono,1.85 : 1
The Grapes of Wrath,0,0,0,1900-01-01 00:00:00,0,0,None,None,None
Groundhog Day,14600000,71107962,12517672,1993-02-14 00:00:00,71108778,101,Color,Dolby StereoDolby DigitalDolby Atmos,1.85 : 1
Amores perros,2000000,5408467,61047,2001-04-01 00:00:00,20908467,154,Color,Dolby Digital,1.85 : 1
The Iron Giant,70000000,23315035,5732614,1999-08-08 00:00:00,23336504,0,None,None,None
Rebecca,0,0,0,1900-01-01 00:00:00,0,0,None,None,None
Cool Hand Luke,0,0,0,1900-01-01 00:00:00,0,0,None,None,None
The Help,25000000,169708112,26044590,2011-08-14 00:00:00,216639112,146,Color,Dolby DigitalSDDSDatasat,1.85 : 1
It Happened One Night,0,0,0,1900-01-01 00:00:00,0,0,None,None,None
Drishyam,0,0,0,1900-01-01 00:00:00,0,163,Color,Dolby Digital,2.35 : 1
Dances with Wolves,22000000,184208848,598257,1990-11-11 00:00:00,424208848,181,Color,Dolby SR,2.39 : 1
Aladdin,28000000,217350219,196664,1992-11-15 00:00:00,504050219,90,Color,Dolby Stereo,1.78 : 11.85 : 1
Gangs of Wasseypur,0,0,0,1900-01-01 00:00:00,0,321,Color,Dolby Digital EXDatasat,2.35 : 1
